"employe_id","name","age","salary"
1,"divya",21,35000
2,"tisha",22,23000
3,"shital",20,28000
4,"aarti",24,32493
5,"mansi",20,34002
6,"samiksha",30,29814
7,"yogesh",21,25765
8,"tejas",21,42771
9,"saksham",22,36841
10,"shalini",25,39369
11,"harsh",25,44331
12,"abhishek",24,25647
13,"riya",20,49859
14,"aman",26,43741
15,"aashta",28,44122
16,"hardik",30,33977
17,"yash",20,26476
18,"adarsh",23,41351
19,"aryan",23,26459
20,"dhananjay",26,36459
21,"divya",28,48022
22,"tisha",26,47925
23,"shital",24,47698
24,"aarti",20,26600
25,"mansi",22,37842
26,"samiksha",28,29605
27,"yogesh",20,33907
28,"tejas",21,46840
29,"saksham",25,35933
30,"shalini",27,43512
31,"harsh",25,38179
32,"abhishek",30,28283
33,"riya",24,42174
34,"aman",20,32995
35,"aashta",25,36249
36,"hardik",20,41483
37,"yash",29,43199
38,"adarsh",23,38812
39,"aryan",21,33713
40,"dhananjay",23,32282
41,"divya",27,30095
42,"tisha",25,34302
43,"shital",24,38449
44,"aarti",26,35856
45,"mansi",26,42840
46,"samiksha",28,40511
47,"yogesh",30,41267
48,"tejas",25,29344
49,"saksham",21,43008
50,"shalini",24,26159
51,"harsh",29,25401
52,"abhishek",25,43228
53,"riya",27,35444
54,"aman",20,34704
55,"aashta",21,46742
56,"hardik",21,30578
57,"yash",21,47950
58,"adarsh",29,43171
59,"aryan",30,49077
60,"dhananjay",22,33508
61,"divya",24,34740
62,"tisha",24,36068
63,"shital",21,38810
64,"aarti",27,42319
65,"mansi",26,28526
66,"samiksha",26,32098
67,"yogesh",21,47005
68,"tejas",20,43251
69,"saksham",20,43825
70,"shalini",30,35431
71,"harsh",22,36043
72,"abhishek",24,34791
73,"riya",29,38617
74,"aman",24,40322
75,"aashta",22,47110
76,"hardik",25,37009
77,"yash",26,49357
78,"adarsh",27,38047
79,"aryan",30,48790
80,"dhananjay",26,42053
81,"divya",23,35373
82,"tisha",30,45583
83,"shital",21,32628
84,"aarti",27,28338
85,"mansi",24,26420
86,"samiksha",25,34285
87,"yogesh",24,43553
88,"tejas",25,49650
89,"saksham",22,25941
90,"shalini",22,38506
91,"harsh",24,35646
92,"abhishek",21,32055
93,"riya",22,41844
94,"aman",22,29817
95,"aashta",25,35158
96,"hardik",25,30894
97,"yash",22,31092
98,"adarsh",23,40170
99,"aryan",21,40439
100,"dhananjay",21,34761
101,"divya",27,35600
102,"tisha",22,48769
103,"shital",23,36595
104,"aarti",26,42209
105,"mansi",26,38463
106,"samiksha",30,44476
107,"yogesh",22,29345
108,"tejas",21,44433
109,"saksham",23,41264
110,"shalini",29,47944
111,"harsh",28,49139
112,"abhishek",28,45399
113,"riya",21,49758
114,"aman",25,27463
115,"aashta",27,35291
116,"hardik",25,30562
117,"yash",21,35396
118,"adarsh",27,45027
119,"aryan",30,35980
120,"dhananjay",23,26241
121,"divya",22,38981
122,"tisha",22,41258
123,"shital",22,49997
124,"aarti",25,29521
125,"mansi",27,34756
126,"samiksha",22,28859
127,"yogesh",25,33097
128,"tejas",27,42084
129,"saksham",24,34774
130,"shalini",21,39727
131,"harsh",21,29969
132,"abhishek",22,30470
133,"riya",30,32822
134,"aman",20,37694
135,"aashta",26,42860
136,"hardik",27,26853
137,"yash",29,45229
138,"adarsh",22,35429
139,"aryan",28,39742
140,"dhananjay",30,31086
141,"divya",29,41410
142,"tisha",21,42020
143,"shital",22,39607
144,"aarti",22,25048
145,"mansi",26,42937
146,"samiksha",29,44959
147,"yogesh",20,34853
148,"tejas",25,38752
149,"saksham",20,30004
150,"shalini",27,43192
151,"harsh",26,43090
152,"abhishek",29,27321
153,"riya",25,29037
154,"aman",20,26790
155,"aashta",30,30315
156,"hardik",25,29794
157,"yash",20,38122
158,"adarsh",20,35127
159,"aryan",30,45928
160,"dhananjay",30,37870
161,"divya",21,45912
162,"tisha",27,35350
163,"shital",20,28307
164,"aarti",28,42714
165,"mansi",20,31391
166,"samiksha",24,47438
167,"yogesh",28,49467
168,"tejas",20,36650
169,"saksham",23,46362
170,"shalini",20,38473
171,"harsh",25,38756
172,"abhishek",26,30894
173,"riya",22,25127
174,"aman",30,40890
175,"aashta",21,43748
176,"hardik",21,39193
177,"yash",25,37498
178,"adarsh",28,49265
179,"aryan",22,48588
180,"dhananjay",26,32303
181,"divya",26,31967
182,"tisha",30,34296
183,"shital",24,34199
184,"aarti",28,28412
185,"mansi",22,28389
186,"samiksha",30,49632
187,"yogesh",27,34868
188,"tejas",28,38860
189,"saksham",23,32186
190,"shalini",28,47262
191,"harsh",24,43660
192,"abhishek",30,48192
193,"riya",27,49270
194,"aman",20,43743
195,"aashta",20,44398
196,"hardik",26,42217
197,"yash",25,48662
198,"adarsh",26,42611
199,"aryan",24,32753
200,"dhananjay",30,27097
201,"divya",26,32079
202,"tisha",27,44341
203,"shital",28,35230
204,"aarti",26,38361
205,"mansi",24,28743
206,"samiksha",30,39754
207,"yogesh",30,49926
208,"tejas",30,38081
209,"saksham",29,43862
210,"shalini",22,43766
211,"harsh",28,43672
212,"abhishek",27,43568
213,"riya",25,27138
214,"aman",30,31720
215,"aashta",27,45419
216,"hardik",29,28339
217,"yash",23,33204
218,"adarsh",25,41898
219,"aryan",20,39514
220,"dhananjay",23,45565
221,"divya",20,38098
222,"tisha",29,49527
223,"shital",26,33648
224,"aarti",26,30441
225,"mansi",25,48438
226,"samiksha",30,30992
227,"yogesh",25,26374
228,"tejas",22,28379
229,"saksham",30,25728
230,"shalini",22,32457
231,"harsh",23,29679
232,"abhishek",29,48728
233,"riya",24,35587
234,"aman",21,47640
235,"aashta",26,38523
236,"hardik",24,42559
237,"yash",21,49153
238,"adarsh",23,37981
239,"aryan",30,28339
240,"dhananjay",25,31520
241,"divya",27,38440
242,"tisha",23,49834
243,"shital",21,28983
244,"aarti",20,48469
245,"mansi",30,48853
246,"samiksha",26,33627
247,"yogesh",26,42104
248,"tejas",22,43527
249,"saksham",28,47981
250,"shalini",27,39800
251,"harsh",21,40019
252,"abhishek",29,48049
253,"riya",28,42474
254,"aman",28,27608
255,"aashta",27,36161
256,"hardik",29,34081
257,"yash",29,49311
258,"adarsh",27,32799
259,"aryan",22,31783
260,"dhananjay",30,44348
261,"divya",20,42282
262,"tisha",24,36088
263,"shital",26,37558
264,"aarti",24,30353
265,"mansi",28,45695
266,"samiksha",29,27286
267,"yogesh",20,29321
268,"tejas",24,28025
269,"saksham",22,37279
270,"shalini",25,43338
271,"harsh",23,39425
272,"abhishek",27,42811
273,"riya",23,43439
274,"aman",22,45165
275,"aashta",21,34861
276,"hardik",20,48303
277,"yash",26,29641
278,"adarsh",27,29250
279,"aryan",26,43680
280,"dhananjay",20,34626
281,"divya",30,31630
282,"tisha",29,42941
283,"shital",23,38222
284,"aarti",20,26877
285,"mansi",21,41863
286,"samiksha",24,27430
287,"yogesh",23,38988
288,"tejas",29,44111
289,"saksham",24,35566
290,"shalini",23,37968
291,"harsh",22,29566
292,"abhishek",29,42952
293,"riya",29,26802
294,"aman",29,41316
295,"aashta",21,32544
296,"hardik",21,45358
297,"yash",20,31046
298,"adarsh",27,40610
299,"aryan",26,36359
300,"dhananjay",21,39310
301,"divya",25,46484
302,"tisha",24,28532
303,"shital",29,47386
304,"aarti",28,43758
305,"mansi",28,48549
306,"samiksha",30,30097
307,"yogesh",24,43477
308,"tejas",21,40745
309,"saksham",24,47149
310,"shalini",23,25089
311,"harsh",25,46130
312,"abhishek",28,49499
313,"riya",20,49934
314,"aman",23,42249
315,"aashta",20,33413
316,"hardik",28,37336
317,"yash",21,45820
318,"adarsh",22,45529
319,"aryan",27,31805
320,"dhananjay",25,30607
321,"divya",26,41847
322,"tisha",25,48615
323,"shital",27,25494
324,"aarti",30,29352
325,"mansi",20,31333
326,"samiksha",22,46346
327,"yogesh",27,34619
328,"tejas",28,36906
329,"saksham",27,39922
330,"shalini",24,33296
331,"harsh",21,44998
332,"abhishek",20,45550
333,"riya",21,34182
334,"aman",26,34583
335,"aashta",28,47219
336,"hardik",23,39631
337,"yash",27,49295
338,"adarsh",29,28268
339,"aryan",28,40308
340,"dhananjay",22,49605
341,"divya",27,45287
342,"tisha",28,45759
343,"shital",24,43771
344,"aarti",24,32663
345,"mansi",21,30458
346,"samiksha",24,33582
347,"yogesh",24,48966
348,"tejas",25,39573
349,"saksham",20,35861
350,"shalini",29,40359
351,"harsh",25,28155
352,"abhishek",26,46476
353,"riya",28,26790
354,"aman",29,38027
355,"aashta",27,45785
356,"hardik",29,42070
357,"yash",28,37529
358,"adarsh",23,47373
359,"aryan",28,48098
360,"dhananjay",22,34135
361,"divya",20,39386
362,"tisha",29,41842
363,"shital",27,29862
364,"aarti",22,39872
365,"mansi",25,46339
366,"samiksha",23,33824
367,"yogesh",24,36198
368,"tejas",22,32978
369,"saksham",27,27511
370,"shalini",30,49711
371,"harsh",22,45668
372,"abhishek",25,49908
373,"riya",26,43194
374,"aman",27,28863
375,"aashta",30,35842
376,"hardik",30,39630
377,"yash",25,30829
378,"adarsh",22,41640
379,"aryan",22,28439
380,"dhananjay",21,27934
381,"divya",30,27429
382,"tisha",28,49607
383,"shital",30,36479
384,"aarti",26,49275
385,"mansi",23,35257
386,"samiksha",22,45808
387,"yogesh",26,25238
388,"tejas",29,29107
389,"saksham",25,42584
390,"shalini",30,32670
391,"harsh",26,33155
392,"abhishek",29,35012
393,"riya",21,31739
394,"aman",29,40452
395,"aashta",26,43310
396,"hardik",25,46226
397,"yash",20,42002
398,"adarsh",20,41122
399,"aryan",27,49869
400,"dhananjay",27,33239
401,"divya",28,34363
402,"tisha",21,38251
403,"shital",25,44900
404,"aarti",24,48227
405,"mansi",21,48971
406,"samiksha",24,38331
407,"yogesh",28,30959
408,"tejas",21,35539
409,"saksham",23,33985
410,"shalini",25,26194
411,"harsh",24,34889
412,"abhishek",24,48940
413,"riya",21,40770
414,"aman",29,30018
415,"aashta",29,33364
416,"hardik",28,41742
417,"yash",22,48459
418,"adarsh",24,44422
419,"aryan",24,36964
420,"dhananjay",20,32089
421,"divya",28,26654
422,"tisha",22,40555
423,"shital",24,48170
424,"aarti",25,32567
425,"mansi",23,36527
426,"samiksha",21,31458
427,"yogesh",21,29583
428,"tejas",30,49200
429,"saksham",22,43691
430,"shalini",21,47122
431,"harsh",27,45480
432,"abhishek",23,39718
433,"riya",30,31545
434,"aman",22,26236
435,"aashta",28,39144
436,"hardik",28,40765
437,"yash",22,41537
438,"adarsh",28,39992
439,"aryan",20,26192
440,"dhananjay",30,45237
441,"divya",20,45165
442,"tisha",23,36324
443,"shital",20,36906
444,"aarti",26,30097
445,"mansi",20,39086
446,"samiksha",26,39130
447,"yogesh",24,41750
448,"tejas",25,49441
449,"saksham",30,31606
450,"shalini",27,38385
451,"harsh",25,48610
452,"abhishek",21,42306
453,"riya",24,44516
454,"aman",25,29886
455,"aashta",22,42332
456,"hardik",22,33922
457,"yash",28,40242
458,"adarsh",28,45648
459,"aryan",20,37104
460,"dhananjay",20,41510
461,"divya",29,26792
462,"tisha",25,44207
463,"shital",27,26939
464,"aarti",20,27582
465,"mansi",29,36817
466,"samiksha",28,30019
467,"yogesh",27,47402
468,"tejas",28,47365
469,"saksham",23,27940
470,"shalini",27,30229
471,"harsh",24,34552
472,"abhishek",21,44934
473,"riya",28,38954
474,"aman",24,45860
475,"aashta",28,36609
476,"hardik",25,39088
477,"yash",30,49251
478,"adarsh",21,39242
479,"aryan",20,27683
480,"dhananjay",28,28141
481,"divya",28,27085
482,"tisha",21,41077
483,"shital",30,34545
484,"aarti",27,43656
485,"mansi",28,40299
486,"samiksha",28,47648
487,"yogesh",20,42750
488,"tejas",20,30732
489,"saksham",30,31452
490,"shalini",22,45968
491,"harsh",28,30336
492,"abhishek",24,49419
493,"riya",28,41692
494,"aman",24,48157
495,"aashta",22,41862
496,"hardik",20,45132
497,"yash",30,33862
498,"adarsh",24,43815
499,"aryan",28,38725
500,"dhananjay",20,42982
501,"divya",30,34455
502,"tisha",21,48577
503,"shital",22,36129
504,"aarti",24,32142
505,"mansi",26,35158
506,"samiksha",22,34149
507,"yogesh",22,34284
508,"tejas",30,28564
509,"saksham",20,34968
510,"shalini",23,31306
511,"harsh",25,44824
512,"abhishek",26,30969
513,"riya",25,46675
514,"aman",26,45278
515,"aashta",27,49820
516,"hardik",28,46645
517,"yash",24,47114
518,"adarsh",20,35040
519,"aryan",24,42206
520,"dhananjay",20,32244
521,"divya",30,40524
522,"tisha",28,38455
523,"shital",30,37019
524,"aarti",25,28893
525,"mansi",28,40644
526,"samiksha",23,31020
527,"yogesh",30,48089
528,"tejas",22,36858
529,"saksham",30,36774
530,"shalini",30,43936
531,"harsh",22,27438
532,"abhishek",24,41983
533,"riya",21,47409
534,"aman",24,35316
535,"aashta",20,45780
536,"hardik",20,39802
537,"yash",23,26043
538,"adarsh",26,26654
539,"aryan",27,25705
540,"dhananjay",29,44587
541,"divya",23,44951
542,"tisha",29,39721
543,"shital",27,30995
544,"aarti",22,36864
545,"mansi",25,41013
546,"samiksha",22,26237
547,"yogesh",26,49781
548,"tejas",27,28274
549,"saksham",20,47698
550,"shalini",30,36227
551,"harsh",26,37968
552,"abhishek",25,31959
553,"riya",21,32364
554,"aman",28,33112
555,"aashta",27,38839
556,"hardik",26,39917
557,"yash",24,40986
558,"adarsh",24,36605
559,"aryan",23,44419
560,"dhananjay",26,41458
561,"divya",24,46840
562,"tisha",26,45294
563,"shital",28,43093
564,"aarti",22,32117
565,"mansi",27,28323
566,"samiksha",20,35283
567,"yogesh",20,48334
568,"tejas",20,42334
569,"saksham",22,28644
570,"shalini",26,28178
571,"harsh",25,40840
572,"abhishek",20,47969
573,"riya",24,26138
574,"aman",29,45603
575,"aashta",22,29630
576,"hardik",30,38437
577,"yash",24,25784
578,"adarsh",22,34581
579,"aryan",30,34835
580,"dhananjay",29,37370
581,"divya",21,41608
582,"tisha",24,46820
583,"shital",26,31842
584,"aarti",24,41889
585,"mansi",25,35402
586,"samiksha",24,41833
587,"yogesh",23,33395
588,"tejas",22,37055
589,"saksham",20,30147
590,"shalini",27,27357
591,"harsh",29,42854
592,"abhishek",26,44978
593,"riya",29,28504
594,"aman",23,31846
595,"aashta",30,49939
596,"hardik",28,49728
597,"yash",28,45771
598,"adarsh",27,25391
599,"aryan",23,43732
600,"dhananjay",28,33717
601,"divya",28,43663
602,"tisha",21,36469
603,"shital",28,45156
604,"aarti",28,43964
605,"mansi",23,34025
606,"samiksha",27,35992
607,"yogesh",28,40713
608,"tejas",28,25501
609,"saksham",29,35037
610,"shalini",21,41674
611,"harsh",29,31683
612,"abhishek",30,39834
613,"riya",29,43784
614,"aman",30,41251
615,"aashta",28,44857
616,"hardik",27,37007
617,"yash",30,41109
618,"adarsh",26,35208
619,"aryan",27,28875
620,"dhananjay",30,38951
621,"divya",21,33719
622,"tisha",24,43291
623,"shital",21,49699
624,"aarti",21,34748
625,"mansi",21,45323
626,"samiksha",20,45211
627,"yogesh",27,38541
628,"tejas",24,26260
629,"saksham",23,29159
630,"shalini",30,38432
631,"harsh",20,29058
632,"abhishek",27,38778
633,"riya",20,35049
634,"aman",27,47851
635,"aashta",24,47716
636,"hardik",28,28860
637,"yash",25,34207
638,"adarsh",25,38344
639,"aryan",28,36230
640,"dhananjay",27,31472
641,"divya",23,25396
642,"tisha",24,29237
643,"shital",20,29686
644,"aarti",28,28734
645,"mansi",20,30277
646,"samiksha",28,27029
647,"yogesh",25,47909
648,"tejas",23,34886
649,"saksham",28,34814
650,"shalini",27,25771
651,"harsh",28,31942
652,"abhishek",30,49041
653,"riya",30,26507
654,"aman",25,46332
655,"aashta",23,34603
656,"hardik",26,41738
657,"yash",25,35578
658,"adarsh",30,31731
659,"aryan",21,39642
660,"dhananjay",27,39775
661,"divya",29,41454
662,"tisha",24,29688
663,"shital",30,27910
664,"aarti",22,35008
665,"mansi",26,42312
666,"samiksha",25,31846
667,"yogesh",29,33205
668,"tejas",23,46637
669,"saksham",26,33969
670,"shalini",23,39988
671,"harsh",29,41685
672,"abhishek",30,44857
673,"riya",20,44525
674,"aman",22,49357
675,"aashta",26,36686
676,"hardik",26,37734
677,"yash",26,27014
678,"adarsh",27,31227
679,"aryan",28,29761
680,"dhananjay",25,34675
681,"divya",22,29839
682,"tisha",22,48887
683,"shital",25,32823
684,"aarti",22,39279
685,"mansi",25,34450
686,"samiksha",30,40131
687,"yogesh",30,39125
688,"tejas",26,34325
689,"saksham",27,33730
690,"shalini",28,34460
691,"harsh",25,37789
692,"abhishek",25,48102
693,"riya",21,44768
694,"aman",21,31847
695,"aashta",23,47464
696,"hardik",30,36965
697,"yash",25,45174
698,"adarsh",21,36939
699,"aryan",26,49860
700,"dhananjay",24,35900
701,"divya",27,27822
702,"tisha",28,48659
703,"shital",27,40277
704,"aarti",23,26134
705,"mansi",29,39739
706,"samiksha",26,40053
707,"yogesh",24,33086
708,"tejas",24,39055
709,"saksham",26,27994
710,"shalini",24,46037
711,"harsh",24,25987
712,"abhishek",28,48379
713,"riya",28,25830
714,"aman",20,37802
715,"aashta",22,42064
716,"hardik",29,26177
717,"yash",26,27267
718,"adarsh",23,48813
719,"aryan",30,33784
720,"dhananjay",23,47023
721,"divya",23,40834
722,"tisha",24,44290
723,"shital",30,34382
724,"aarti",29,48460
725,"mansi",30,47198
726,"samiksha",22,34156
727,"yogesh",30,43638
728,"tejas",26,48206
729,"saksham",24,29202
730,"shalini",28,39349
731,"harsh",22,30685
732,"abhishek",30,39698
733,"riya",29,36080
734,"aman",26,49962
735,"aashta",23,49885
736,"hardik",21,40447
737,"yash",30,41391
738,"adarsh",27,37802
739,"aryan",29,30426
740,"dhananjay",22,40224
741,"divya",27,30504
742,"tisha",27,44254
743,"shital",22,41330
744,"aarti",28,46793
745,"mansi",23,49199
746,"samiksha",20,39917
747,"yogesh",23,35701
748,"tejas",26,46343
749,"saksham",27,37294
750,"shalini",20,44391
751,"harsh",28,45211
752,"abhishek",21,33925
753,"riya",30,47201
754,"aman",24,26081
755,"aashta",21,43984
756,"hardik",26,25026
757,"yash",21,34293
758,"adarsh",24,47026
759,"aryan",29,47027
760,"dhananjay",30,40772
761,"divya",25,45377
762,"tisha",22,48374
763,"shital",22,29709
764,"aarti",20,27374
765,"mansi",26,29029
766,"samiksha",22,38451
767,"yogesh",27,45849
768,"tejas",24,29199
769,"saksham",28,28238
770,"shalini",20,33652
771,"harsh",23,48368
772,"abhishek",27,33562
773,"riya",24,33051
774,"aman",20,37895
775,"aashta",30,36849
776,"hardik",29,40879
777,"yash",20,25740
778,"adarsh",24,38439
779,"aryan",30,39196
780,"dhananjay",26,41714
781,"divya",29,38465
782,"tisha",20,34795
783,"shital",23,34675
784,"aarti",27,47646
785,"mansi",20,42176
786,"samiksha",26,37062
787,"yogesh",28,48408
788,"tejas",21,28813
789,"saksham",23,29298
790,"shalini",28,46892
791,"harsh",30,29691
792,"abhishek",20,31092
793,"riya",20,28154
794,"aman",29,31636
795,"aashta",20,39455
796,"hardik",26,27913
797,"yash",20,41852
798,"adarsh",26,33699
799,"aryan",22,31092
800,"dhananjay",26,30501
801,"divya",29,49906
802,"tisha",23,38432
803,"shital",24,38459
804,"aarti",24,35739
805,"mansi",25,37123
806,"samiksha",26,42103
807,"yogesh",28,33987
808,"tejas",30,37732
809,"saksham",22,35097
810,"shalini",26,42188
811,"harsh",25,26431
812,"abhishek",28,40529
813,"riya",23,39132
814,"aman",20,37420
815,"aashta",24,46408
816,"hardik",28,41400
817,"yash",26,45563
818,"adarsh",27,44145
819,"aryan",22,35413
820,"dhananjay",23,43510
821,"divya",22,41561
822,"tisha",28,33247
823,"shital",24,25360
824,"aarti",30,43717
825,"mansi",23,36297
826,"samiksha",20,44369
827,"yogesh",28,40088
828,"tejas",21,26786
829,"saksham",25,35372
830,"shalini",23,36906
831,"harsh",21,49201
832,"abhishek",23,47919
833,"riya",30,37693
834,"aman",26,26154
835,"aashta",27,30470
836,"hardik",26,31219
837,"yash",22,33993
838,"adarsh",28,41516
839,"aryan",21,28300
840,"dhananjay",30,28859
841,"divya",23,26315
842,"tisha",27,44313
843,"shital",23,38776
844,"aarti",22,29144
845,"mansi",21,25420
846,"samiksha",27,25106
847,"yogesh",27,36186
848,"tejas",20,46735
849,"saksham",30,49946
850,"shalini",29,37669
851,"harsh",24,28640
852,"abhishek",21,48236
853,"riya",21,42711
854,"aman",24,41154
855,"aashta",22,29841
856,"hardik",30,49066
857,"yash",27,39986
858,"adarsh",23,48428
859,"aryan",22,34950
860,"dhananjay",24,38244
861,"divya",27,37354
862,"tisha",26,47807
863,"shital",28,37143
864,"aarti",25,39117
865,"mansi",21,49839
866,"samiksha",24,30935
867,"yogesh",21,33320
868,"tejas",22,38942
869,"saksham",24,28288
870,"shalini",20,49713
871,"harsh",30,49355
872,"abhishek",21,28534
873,"riya",29,46258
874,"aman",23,39039
875,"aashta",30,45260
876,"hardik",23,36365
877,"yash",20,31873
878,"adarsh",27,49427
879,"aryan",20,42402
880,"dhananjay",27,49343
881,"divya",29,40039
882,"tisha",30,34484
883,"shital",23,41924
884,"aarti",22,41891
885,"mansi",21,48627
886,"samiksha",25,25309
887,"yogesh",28,30278
888,"tejas",29,28694
889,"saksham",29,26579
890,"shalini",26,31808
891,"harsh",30,33735
892,"abhishek",29,49589
893,"riya",22,42870
894,"aman",24,42414
895,"aashta",26,43092
896,"hardik",21,42351
897,"yash",28,35430
898,"adarsh",29,46944
899,"aryan",25,35455
900,"dhananjay",29,39561
901,"divya",26,43722
902,"tisha",28,35440
903,"shital",28,44469
904,"aarti",28,27939
905,"mansi",24,39152
906,"samiksha",29,29457
907,"yogesh",28,32903
908,"tejas",22,45198
909,"saksham",23,33581
910,"shalini",23,42504
911,"harsh",26,37923
912,"abhishek",24,40394
913,"riya",30,29832
914,"aman",21,34513
915,"aashta",25,40735
916,"hardik",26,32550
917,"yash",29,34057
918,"adarsh",27,27102
919,"aryan",20,25197
920,"dhananjay",23,46665
921,"divya",25,40357
922,"tisha",25,30987
923,"shital",22,49950
924,"aarti",29,27159
925,"mansi",21,36690
926,"samiksha",30,27469
927,"yogesh",23,45173
928,"tejas",25,28879
929,"saksham",24,29580
930,"shalini",30,45965
931,"harsh",23,49556
932,"abhishek",21,26966
933,"riya",26,48204
934,"aman",30,29420
935,"aashta",23,30086
936,"hardik",26,36353
937,"yash",22,33374
938,"adarsh",20,25657
939,"aryan",22,38973
940,"dhananjay",22,32976
941,"divya",20,25829
942,"tisha",29,44749
943,"shital",28,36629
944,"aarti",29,42670
945,"mansi",29,28912
946,"samiksha",26,27408
947,"yogesh",23,31181
948,"tejas",20,36045
949,"saksham",30,44356
950,"shalini",28,28358
951,"harsh",29,47956
952,"abhishek",27,32883
953,"riya",25,43441
954,"aman",28,49053
955,"aashta",25,29647
956,"hardik",21,45509
957,"yash",25,45038
958,"adarsh",20,38236
959,"aryan",25,43797
960,"dhananjay",24,34670
961,"divya",30,38145
962,"tisha",25,38998
963,"shital",22,39006
964,"aarti",24,28163
965,"mansi",22,36018
966,"samiksha",20,36515
967,"yogesh",24,44480
968,"tejas",23,26486
969,"saksham",27,38129
970,"shalini",28,33389
971,"harsh",28,38470
972,"abhishek",25,41757
973,"riya",30,46387
974,"aman",29,49758
975,"aashta",20,30379
976,"hardik",22,36907
977,"yash",24,42037
978,"adarsh",24,28446
979,"aryan",29,49169
980,"dhananjay",22,32837
981,"divya",26,42079
982,"tisha",27,28432
983,"shital",26,29588
984,"aarti",27,43433
985,"mansi",30,39748
986,"samiksha",20,45844
987,"yogesh",28,31903
988,"tejas",27,35470
989,"saksham",23,33347
990,"shalini",29,46515
991,"harsh",24,45374
992,"abhishek",27,42019
993,"riya",30,43604
994,"aman",22,43870
995,"aashta",22,31829
996,"hardik",21,27243
997,"yash",29,25321
998,"adarsh",21,41181
999,"aryan",27,28216
1000,"dhananjay",29,33168
